{
	"format_version": "1.8.0",
	"animations": {
		"revolve_on": {
			"animation_length": 1.76,
			"bones": {
				"right_arm": {
					"rotation": {
						"0.0": {
							"vector": [0, 0, 0]
						},
						"0.08": {
							"vector": [-97.2499, -49.24857, 33.41119]
						},
						"0.2": {
							"vector": [-99.64462, -70.07913, 58.21851]
						},
						"1.16": {
							"vector": [-99.64462, -70.07913, 58.21851]
						},
						"1.36": {
							"vector": [-25.05746, -45.86351, 12.13407]
						},
						"1.44": {
							"vector": [-13.84008, -37.3734, 5.96729]
						},
						"1.52": {
							"vector": [-25.05746, -45.86351, 12.13407]
						},
						"1.76": {
							"vector": [0, 0, 0]
						}
					},
					"position": {
						"0.0": {
							"vector": [0, 0, 0]
						},
						"0.08": {
							"vector": [-1.4, 0, 2.3]
						},
						"0.2": {
							"vector": [-0.7, -0.1, 0.1]
						},
						"1.16": {
							"vector": [-0.7, -0.1, 0.1]
						},
						"1.76": {
							"vector": [0, 0, 0]
						}
					}
				},
				"left_arm": {
					"rotation": {
						"0.2": {
							"vector": [0, 0, 0]
						},
						"0.44": {
							"vector": [-157.98258, 36.02519, -106.23487]
						},
						"0.6": {
							"vector": [-157.98258, 36.02519, -106.23487]
						},
						"0.8": {
							"vector": [-89.68698, 17.83539, -57.60532]
						},
						"1.0": {
							"vector": [-42.67209, 63.66309, -39.56292]
						},
						"1.16": {
							"vector": [-42.67209, 63.66309, -39.56292]
						},
						"1.76": {
							"vector": [0, 0, 0]
						}
					},
					"position": {
						"0.2": {
							"vector": [0, 0, 0]
						},
						"0.44": {
							"vector": [-1.8, -2.2, -2.2]
						},
						"0.6": {
							"vector": [-1.8, -2.2, -2.2]
						},
						"0.8": {
							"vector": [0.3, -2.2, 3.1]
						},
						"1.0": {
							"vector": [0, 0, 0]
						},
						"1.16": {
							"vector": [0, 0, 0]
						},
						"1.76": {
							"vector": [0, 0, 0]
						}
					}
				}
			}
		}
	},
	"geckolib_format_version": 2
}