{
  "credit": "Made with Blockbench",
  "parent": "builtin/entity",
  "texture_size": [
    1200,
    1200
  ],
  "display": {
    "firstperson_righthand": {
      "rotation": [
        10.67,
        6.77,
        -5.43
      ],
      "translation": [
        2.5,
        1.75,
        -1
      ],
      "scale": [
        1.05078125,
        1.576171875,
        0.998046875
      ]
    },
    "firstperson_lefthand": {
      "rotation": [
        10.67,
        6.77,
        -5.43
      ],
      "translation": [
        2.5,
        1.75,
        -1
      ],
      "scale": [
        1.05078125,
        1.576171875,
        0.998046875
      ]
    },
    "ground": {
      "translation": [
        1.25,
        0,
        3
      ]
    },
    "gui": {
      "rotation": [
        25.22,
        29.98,
        -38.73
      ],
      "translation": [
        1,
        -3.25,
        0
      ],
      "scale": [
        1,
        1.021484375,
        1.279296875
      ]
    },
    "head": {
      "translation": [
        0,
        6,
        6.75
      ]
    },
    "fixed": {
      "rotation": [
        90,
        54.5,
        -90
      ],
      "translation": [
        3.75,
        -3.25,
        0.25
      ]
    }
  }
}