{
	"format_version": "1.8.0",
	"animations": {
		"revolveon": {
			"animation_length": 1.76,
			"bones": {
				"Buckle": {
					"rotation": {
						"0.0": [0, 0, -180],
						"0.16": [0, 0, -180],
						"0.28": [0, 0, -167.5],
						"0.6": [0, 0, -167.5],
						"0.92": [0, 0, 0]
					}
				},
				"bone73": {
					"rotation": {
						"0.0": [157.5, 0, 0],
						"0.88": [157.5, 0, 0],
						"1.0": [0, 0, 0]
					}
				},
				"UppartsTransCore": {
					"rotation": {
						"0.0": [0, 180, 0],
						"0.88": [0, 180, 0],
						"1.0": [0, 0, 0]
					}
				},
				"RIghtTurnCore": {
					"rotation": [0, -180, 0]
				},
				"right_arm": {
					"rotation": {
						"0.0": [0, 0, 0],
						"0.08": [-97.2499, -49.24857, 33.41119],
						"0.2": [-99.64462, -70.07913, 58.21851],
						"1.16": [-99.64462, -70.07913, 58.21851],
						"1.76": [0, 0, 0]
					},
					"position": {
						"0.0": [0, 0, 0],
						"0.08": [-1.4, 0, 2.3],
						"0.2": [-0.7, -0.1, 0.1],
						"1.16": [-0.7, -0.1, 0.1],
						"1.76": [0, 0, 0]
					}
				},
				"left_arm": {
					"rotation": {
						"0.2": [0, 0, 0],
						"0.44": [-157.98258, 36.02519, -106.23487],
						"0.6": [-157.98258, 36.02519, -106.23487],
						"0.8": [-89.68698, 17.83539, -57.60532],
						"1.0": [-42.67209, 63.66309, -39.56292],
						"1.16": [-42.67209, 63.66309, -39.56292],
						"1.76": [0, 0, 0]
					},
					"position": {
						"0.2": [0, 0, 0],
						"0.44": [-1.8, -2.2, -2.2],
						"0.6": [-1.8, -2.2, -2.2],
						"0.8": [0.3, -2.2, 3.1],
						"1.0": [0, 0, 0],
						"1.16": [0, 0, 0],
						"1.76": [0, 0, 0]
					}
				}
			}
		},
		"do3": {
			"animation_length": 1.76,
			"bones": {
				"right_arm": {
					"rotation": {
						"0.0": [0, 0, 0],
						"0.08": [-97.2499, -49.24857, 33.41119],
						"0.2": [-99.64462, -70.07913, 58.21851],
						"1.16": [-99.64462, -70.07913, 58.21851],
						"1.76": [0, 0, 0]
					},
					"position": {
						"0.0": [0, 0, 0],
						"0.08": [-1.4, 0, 2.3],
						"0.2": [-0.7, -0.1, 0.1],
						"1.16": [-0.7, -0.1, 0.1],
						"1.76": [0, 0, 0]
					}
				},
				"left_arm": {
					"rotation": {
						"0.2": [0, 0, 0],
						"0.44": [-157.98258, 36.02519, -106.23487],
						"0.6": [-157.98258, 36.02519, -106.23487],
						"0.8": [-89.68698, 17.83539, -57.60532],
						"1.0": [-42.67209, 63.66309, -39.56292],
						"1.16": [-42.67209, 63.66309, -39.56292],
						"1.76": [0, 0, 0]
					},
					"position": {
						"0.2": [0, 0, 0],
						"0.44": [-1.8, -2.2, -2.2],
						"0.6": [-1.8, -2.2, -2.2],
						"0.8": [0.3, -2.2, 3.1],
						"1.0": [0, 0, 0],
						"1.16": [0, 0, 0],
						"1.76": [0, 0, 0]
					}
				}
			}
		},
		"idle": {
			"loop": true
		},
		"second": {
			"loop": true,
			"animation_length": 1.76,
			"bones": {
				"Buckle": {
					"rotation": [0, 0, 0]
				},
				"bone73": {
					"rotation": [0, 0, 0]
				},
				"UppartsTransCore": {
					"rotation": [0, 0, 0]
				},
				"RIghtTurnCore": {
					"rotation": [0, -180, 0]
				},
				"right_arm": {
					"rotation": {
						"0.0": [0, 0, 0],
						"0.08": [-97.2499, -49.24857, 33.41119],
						"0.2": [-99.64462, -70.07913, 58.21851],
						"1.16": [-99.64462, -70.07913, 58.21851],
						"1.76": [0, 0, 0]
					},
					"position": {
						"0.0": [0, 0, 0],
						"0.08": [-1.4, 0, 2.3],
						"0.2": [-0.7, -0.1, 0.1],
						"1.16": [-0.7, -0.1, 0.1],
						"1.76": [0, 0, 0]
					}
				},
				"left_arm": {
					"rotation": {
						"0.2": [0, 0, 0],
						"0.44": [-157.98258, 36.02519, -106.23487],
						"0.6": [-157.98258, 36.02519, -106.23487],
						"0.8": [-89.68698, 17.83539, -57.60532],
						"1.0": [-42.67209, 63.66309, -39.56292],
						"1.16": [-42.67209, 63.66309, -39.56292],
						"1.76": [0, 0, 0]
					},
					"position": {
						"0.2": [0, 0, 0],
						"0.44": [-1.8, -2.2, -2.2],
						"0.6": [-1.8, -2.2, -2.2],
						"0.8": [0.3, -2.2, 3.1],
						"1.0": [0, 0, 0],
						"1.16": [0, 0, 0],
						"1.76": [0, 0, 0]
					}
				}
			}
		},
		"first": {
			"loop": true,
			"animation_length": 1.76,
			"bones": {
				"right_arm": {
					"rotation": {
						"0.0": [0, 0, 0],
						"0.08": [-97.2499, -49.24857, 33.41119],
						"0.2": [-99.64462, -70.07913, 58.21851],
						"1.16": [-99.64462, -70.07913, 58.21851],
						"1.76": [0, 0, 0]
					},
					"position": {
						"0.0": [0, 0, 0],
						"0.08": [-1.4, 0, 2.3],
						"0.2": [-0.7, -0.1, 0.1],
						"1.16": [-0.7, -0.1, 0.1],
						"1.76": [0, 0, 0]
					}
				},
				"left_arm": {
					"rotation": {
						"0.2": [0, 0, 0],
						"0.44": [-157.98258, 36.02519, -106.23487],
						"0.6": [-157.98258, 36.02519, -106.23487],
						"0.8": [-89.68698, 17.83539, -57.60532],
						"1.0": [-42.67209, 63.66309, -39.56292],
						"1.16": [-42.67209, 63.66309, -39.56292],
						"1.76": [0, 0, 0]
					},
					"position": {
						"0.2": [0, 0, 0],
						"0.44": [-1.8, -2.2, -2.2],
						"0.6": [-1.8, -2.2, -2.2],
						"0.8": [0.3, -2.2, 3.1],
						"1.0": [0, 0, 0],
						"1.16": [0, 0, 0],
						"1.76": [0, 0, 0]
					}
				},
				"Buckle": {
					"rotation": [0, 0, -180]
				},
				"bone73": {
					"rotation": [157.5, 0, 0]
				},
				"UppartsTransCore": {
					"rotation": [0, 180, 0]
				},
				"RIghtTurnCore": {
					"rotation": [0, -180, 0]
				}
			}
		}
	}
}